<?xml version = '1.0' encoding = 'UTF-8'?>
<Entity class="oracle.dbtools.crest.model.design.logical.Entity" directorySegmentName="seg_0" id="53608D09-8C68-D28E-AFB0-7F12995C53F3" name="REPUESTO">
<createdBy>lilianatapia</createdBy>
<createdTime>2024-09-01 02:10:24 UTC</createdTime>
<ownerDesignName>Exp2_S4_Grupo_16.docx</ownerDesignName>
<engineerTo>
<item key="5C1BB603-E660-49D8-0890-9F3C0B9D582A" value="true"/>
</engineerTo>
<adequatelyNormalized>NO</adequatelyNormalized>
<expectedVolumes>0</expectedVolumes>
<fwdEngineeringStrategyName>Single Table</fwdEngineeringStrategyName>
<growthPercent>0</growthPercent>
<growthType>Year</growthType>
<maxVolumes>9999999</maxVolumes>
<minVolumes>0</minVolumes>
<normalForm>Third</normalForm>
<attributes itemClass="oracle.dbtools.crest.model.design.logical.Attribute">
<Attribute name="id_repuesto" id="D28C1223-BB37-5945-A912-602C527F374F">
<createdBy>lilianatapia</createdBy>
<createdTime>2024-09-01 02:27:00 UTC</createdTime>
<ownerDesignName>Exp2_S4_Grupo_16.docx</ownerDesignName>
<engineerTo>
<item key="5C1BB603-E660-49D8-0890-9F3C0B9D582A" value="true"/>
</engineerTo>
<useDomainConstraints>false</useDomainConstraints>
<use>1</use>
<logicalDatatype>LOGDT011</logicalDatatype>
<ownDataTypeParameters>,,</ownDataTypeParameters>
</Attribute>
<Attribute name="nombre_repuesto" id="22FA8612-F655-F241-9331-1A2B106C49F4">
<createdBy>lilianatapia</createdBy>
<createdTime>2024-09-01 02:50:50 UTC</createdTime>
<ownerDesignName>Exp2_S4_Grupo_16.docx</ownerDesignName>
<engineerTo>
<item key="5C1BB603-E660-49D8-0890-9F3C0B9D582A" value="true"/>
</engineerTo>
<useDomainConstraints>false</useDomainConstraints>
<use>1</use>
<logicalDatatype>LOGDT024</logicalDatatype>
<dataTypeSize>20 BYTE</dataTypeSize>
<ownDataTypeParameters>20 BYTE,,</ownDataTypeParameters>
</Attribute>
<Attribute name="marca" id="4C54AAF3-D57E-6752-848E-EA81A7A04377">
<createdBy>lilianatapia</createdBy>
<createdTime>2024-09-01 02:27:46 UTC</createdTime>
<ownerDesignName>Exp2_S4_Grupo_16.docx</ownerDesignName>
<engineerTo>
<item key="5C1BB603-E660-49D8-0890-9F3C0B9D582A" value="true"/>
</engineerTo>
<nullsAllowed>true</nullsAllowed>
<useDomainConstraints>false</useDomainConstraints>
<use>1</use>
<logicalDatatype>LOGDT024</logicalDatatype>
<dataTypeSize>10 BYTE</dataTypeSize>
<ownDataTypeParameters>10 BYTE,,</ownDataTypeParameters>
</Attribute>
<Attribute name="modelo_compatible" id="E1B4EC8F-F7C5-41F4-4E5B-A7CF34F95A51">
<createdBy>lilianatapia</createdBy>
<createdTime>2024-09-01 02:28:50 UTC</createdTime>
<ownerDesignName>Exp2_S4_Grupo_16.docx</ownerDesignName>
<engineerTo>
<item key="5C1BB603-E660-49D8-0890-9F3C0B9D582A" value="true"/>
</engineerTo>
<nullsAllowed>true</nullsAllowed>
<useDomainConstraints>false</useDomainConstraints>
<use>1</use>
<logicalDatatype>LOGDT024</logicalDatatype>
<dataTypeSize>10 BYTE</dataTypeSize>
<ownDataTypeParameters>10 BYTE,,</ownDataTypeParameters>
</Attribute>
<Attribute name="cantidad_en_inventario" id="32576142-59B5-3DA3-AC2A-F94ECC29946F">
<createdBy>lilianatapia</createdBy>
<createdTime>2024-09-01 02:49:10 UTC</createdTime>
<ownerDesignName>Exp2_S4_Grupo_16.docx</ownerDesignName>
<engineerTo>
<item key="5C1BB603-E660-49D8-0890-9F3C0B9D582A" value="true"/>
</engineerTo>
<nullsAllowed>true</nullsAllowed>
<useDomainConstraints>false</useDomainConstraints>
<use>1</use>
<logicalDatatype>LOGDT011</logicalDatatype>
<ownDataTypeParameters>,,</ownDataTypeParameters>
</Attribute>
<Attribute name="precio_unitario" id="EB705B43-75AE-5CE5-890F-00A53F0FF2F0">
<createdBy>lilianatapia</createdBy>
<createdTime>2024-09-01 02:49:55 UTC</createdTime>
<ownerDesignName>Exp2_S4_Grupo_16.docx</ownerDesignName>
<engineerTo>
<item key="5C1BB603-E660-49D8-0890-9F3C0B9D582A" value="true"/>
</engineerTo>
<useDomainConstraints>false</useDomainConstraints>
<use>1</use>
<logicalDatatype>LOGDT019</logicalDatatype>
<dataTypePrecision>10</dataTypePrecision>
<dataTypeScale>5</dataTypeScale>
<ownDataTypeParameters>,10,5</ownDataTypeParameters>
</Attribute>
</attributes>
<identifiers itemClass="oracle.dbtools.crest.model.design.logical.CandidateKey">
<identifier id="E79177AB-96E5-763A-1741-CCF79BAFA2B1" name="REPUESTO PK">
<createdBy>lilianatapia</createdBy>
<createdTime>2024-09-01 02:27:43 UTC</createdTime>
<ownerDesignName>Exp2_S4_Grupo_16.docx</ownerDesignName>
<engineerTo>
<item key="5C1BB603-E660-49D8-0890-9F3C0B9D582A" value="true"/>
</engineerTo>
<pk>true</pk>
<usedAttributes>
<attributeRef>D28C1223-BB37-5945-A912-602C527F374F</attributeRef>
</usedAttributes>
</identifier>
</identifiers>
</Entity>