<?xml version = '1.0' encoding = 'UTF-8'?>
<Entity class="oracle.dbtools.crest.model.design.logical.Entity" directorySegmentName="seg_0" id="721456E0-3604-7421-C90E-2FDCC1B1DDE8" name="SERVICIO">
<createdBy>lilianatapia</createdBy>
<createdTime>2024-09-01 02:10:12 UTC</createdTime>
<ownerDesignName>Exp2_S4_Grupo_16.docx</ownerDesignName>
<engineerTo>
<item key="5C1BB603-E660-49D8-0890-9F3C0B9D582A" value="true"/>
</engineerTo>
<adequatelyNormalized>NO</adequatelyNormalized>
<expectedVolumes>0</expectedVolumes>
<fwdEngineeringStrategyName>Single Table</fwdEngineeringStrategyName>
<growthPercent>0</growthPercent>
<growthType>Year</growthType>
<maxVolumes>9999999</maxVolumes>
<minVolumes>0</minVolumes>
<normalForm>Third</normalForm>
<attributes itemClass="oracle.dbtools.crest.model.design.logical.Attribute">
<Attribute name="id_servicio" id="4E956C67-B8C6-A868-6B1E-BBB360D38D28">
<createdBy>lilianatapia</createdBy>
<createdTime>2024-09-01 02:24:58 UTC</createdTime>
<ownerDesignName>Exp2_S4_Grupo_16.docx</ownerDesignName>
<engineerTo>
<item key="5C1BB603-E660-49D8-0890-9F3C0B9D582A" value="true"/>
</engineerTo>
<useDomainConstraints>false</useDomainConstraints>
<use>1</use>
<logicalDatatype>LOGDT011</logicalDatatype>
<ownDataTypeParameters>,,</ownDataTypeParameters>
</Attribute>
<Attribute name="nombre_del_servicio" id="B2932BDC-BBF2-7AEF-5071-6CC56D099F7B">
<createdBy>lilianatapia</createdBy>
<createdTime>2024-09-01 02:25:23 UTC</createdTime>
<ownerDesignName>Exp2_S4_Grupo_16.docx</ownerDesignName>
<engineerTo>
<item key="5C1BB603-E660-49D8-0890-9F3C0B9D582A" value="true"/>
</engineerTo>
<useDomainConstraints>false</useDomainConstraints>
<use>1</use>
<logicalDatatype>LOGDT024</logicalDatatype>
<dataTypeSize>20 BYTE</dataTypeSize>
<ownDataTypeParameters>20 BYTE,,</ownDataTypeParameters>
</Attribute>
<Attribute name="descripcion" id="6193D616-C5FC-DEB4-0F00-C8728CD034F0">
<createdBy>lilianatapia</createdBy>
<createdTime>2024-09-01 02:25:44 UTC</createdTime>
<ownerDesignName>Exp2_S4_Grupo_16.docx</ownerDesignName>
<engineerTo>
<item key="5C1BB603-E660-49D8-0890-9F3C0B9D582A" value="true"/>
</engineerTo>
<nullsAllowed>true</nullsAllowed>
<useDomainConstraints>false</useDomainConstraints>
<use>1</use>
<logicalDatatype>LOGDT040</logicalDatatype>
<ownDataTypeParameters>,,</ownDataTypeParameters>
</Attribute>
<Attribute name="tiempo_estimado" id="F0051C2F-3BC4-6972-AD15-E4C93AAA4A19">
<createdBy>lilianatapia</createdBy>
<createdTime>2024-09-01 02:26:00 UTC</createdTime>
<ownerDesignName>Exp2_S4_Grupo_16.docx</ownerDesignName>
<engineerTo>
<item key="5C1BB603-E660-49D8-0890-9F3C0B9D582A" value="true"/>
</engineerTo>
<nullsAllowed>true</nullsAllowed>
<useDomainConstraints>false</useDomainConstraints>
<use>1</use>
<logicalDatatype>LOGDT019</logicalDatatype>
<dataTypePrecision>5</dataTypePrecision>
<dataTypeScale>2</dataTypeScale>
<ownDataTypeParameters>,5,2</ownDataTypeParameters>
</Attribute>
<Attribute name="costo_mano_de_obra" id="C7EB4BDC-A9F2-9557-1480-D5822A0D0314">
<createdBy>lilianatapia</createdBy>
<createdTime>2024-09-01 02:26:28 UTC</createdTime>
<ownerDesignName>Exp2_S4_Grupo_16.docx</ownerDesignName>
<engineerTo>
<item key="5C1BB603-E660-49D8-0890-9F3C0B9D582A" value="true"/>
</engineerTo>
<useDomainConstraints>false</useDomainConstraints>
<use>1</use>
<logicalDatatype>LOGDT011</logicalDatatype>
<ownDataTypeParameters>,,</ownDataTypeParameters>
</Attribute>
</attributes>
<identifiers itemClass="oracle.dbtools.crest.model.design.logical.CandidateKey">
<identifier id="557B7C08-DBDC-5EDC-E047-9D523FE5BCDB" name="SERVICIO PK">
<createdBy>lilianatapia</createdBy>
<createdTime>2024-09-01 02:25:21 UTC</createdTime>
<ownerDesignName>Exp2_S4_Grupo_16.docx</ownerDesignName>
<engineerTo>
<item key="5C1BB603-E660-49D8-0890-9F3C0B9D582A" value="true"/>
</engineerTo>
<pk>true</pk>
<usedAttributes>
<attributeRef>4E956C67-B8C6-A868-6B1E-BBB360D38D28</attributeRef>
</usedAttributes>
</identifier>
</identifiers>
</Entity>