<?xml version = '1.0' encoding = 'UTF-8'?>
<Entity class="oracle.dbtools.crest.model.design.logical.Entity" directorySegmentName="seg_0" id="8D8F98B3-A447-8CDF-5CD4-18A3835C91E7" name="ORDEN DE ATENCION">
<createdBy>lilianatapia</createdBy>
<createdTime>2024-09-01 02:09:52 UTC</createdTime>
<ownerDesignName>Exp2_S4_Grupo_16.docx</ownerDesignName>
<engineerTo>
<item key="5C1BB603-E660-49D8-0890-9F3C0B9D582A" value="true"/>
</engineerTo>
<adequatelyNormalized>NO</adequatelyNormalized>
<expectedVolumes>0</expectedVolumes>
<fwdEngineeringStrategyName>Single Table</fwdEngineeringStrategyName>
<growthPercent>0</growthPercent>
<growthType>Year</growthType>
<maxVolumes>9999999</maxVolumes>
<minVolumes>0</minVolumes>
<normalForm>Third</normalForm>
<attributes itemClass="oracle.dbtools.crest.model.design.logical.Attribute">
<Attribute name="id_orden_atencion" id="7F2EF867-D6B9-1148-9098-53810D3C0D9E">
<createdBy>lilianatapia</createdBy>
<createdTime>2024-09-01 02:22:56 UTC</createdTime>
<ownerDesignName>Exp2_S4_Grupo_16.docx</ownerDesignName>
<engineerTo>
<item key="5C1BB603-E660-49D8-0890-9F3C0B9D582A" value="true"/>
</engineerTo>
<useDomainConstraints>false</useDomainConstraints>
<use>1</use>
<logicalDatatype>LOGDT011</logicalDatatype>
<ownDataTypeParameters>,,</ownDataTypeParameters>
</Attribute>
<Attribute name="Fecha_de_creacion" id="76B42E93-6EFB-8D82-8AA5-E6A3FBB18F62">
<createdBy>lilianatapia</createdBy>
<createdTime>2024-09-01 02:22:22 UTC</createdTime>
<ownerDesignName>Exp2_S4_Grupo_16.docx</ownerDesignName>
<engineerTo>
<item key="5C1BB603-E660-49D8-0890-9F3C0B9D582A" value="true"/>
</engineerTo>
<useDomainConstraints>false</useDomainConstraints>
<use>1</use>
<logicalDatatype>LOGDT007</logicalDatatype>
<ownDataTypeParameters>,,</ownDataTypeParameters>
</Attribute>
<Attribute name="tipo_de_servicio" id="0B27356C-678E-91CA-61D8-39C30B9BAB84">
<createdBy>lilianatapia</createdBy>
<createdTime>2024-09-01 02:23:27 UTC</createdTime>
<ownerDesignName>Exp2_S4_Grupo_16.docx</ownerDesignName>
<engineerTo>
<item key="5C1BB603-E660-49D8-0890-9F3C0B9D582A" value="true"/>
</engineerTo>
<useDomainConstraints>false</useDomainConstraints>
<use>1</use>
<logicalDatatype>LOGDT024</logicalDatatype>
<dataTypeSize>25 BYTE</dataTypeSize>
<ownDataTypeParameters>25 BYTE,,</ownDataTypeParameters>
</Attribute>
<Attribute name="Estado" id="D5164869-83B9-AEF1-D515-E467F7D3A107">
<createdBy>lilianatapia</createdBy>
<createdTime>2024-09-01 02:23:54 UTC</createdTime>
<ownerDesignName>Exp2_S4_Grupo_16.docx</ownerDesignName>
<engineerTo>
<item key="5C1BB603-E660-49D8-0890-9F3C0B9D582A" value="true"/>
</engineerTo>
<useDomainConstraints>false</useDomainConstraints>
<use>1</use>
<logicalDatatype>LOGDT024</logicalDatatype>
<dataTypeSize>10 BYTE</dataTypeSize>
<ownDataTypeParameters>10 BYTE,,</ownDataTypeParameters>
</Attribute>
<Attribute name="id_cliente" id="24647FDE-657F-6065-4032-95F16FAEB272">
<createdBy>lilianatapia</createdBy>
<createdTime>2024-09-01 04:17:10 UTC</createdTime>
<generatorID>5A4E89C6-E753-C1FB-63B3-C6EA635A040A</generatorID>
<ownerDesignName>Exp2_S4_Grupo_16.docx</ownerDesignName>
<engineerTo>
<item key="5C1BB603-E660-49D8-0890-9F3C0B9D582A" value="true"/>
</engineerTo>
<referedAttribute>916E29BF-C171-D4C2-4C6D-5C69B78B0A94</referedAttribute>
<useDomainConstraints>false</useDomainConstraints>
<use>1</use>
<logicalDatatype>LOGDT011</logicalDatatype>
<ownDataTypeParameters>,,</ownDataTypeParameters>
</Attribute>
<Attribute name="id_vehiculo" id="6FE1DC2B-14B8-BD81-2B5A-CAFC16860F57">
<createdBy>lilianatapia</createdBy>
<createdTime>2024-09-01 04:18:31 UTC</createdTime>
<generatorID>771B65F1-9043-2205-1481-A31763DEBAA5</generatorID>
<ownerDesignName>Exp2_S4_Grupo_16.docx</ownerDesignName>
<engineerTo>
<item key="5C1BB603-E660-49D8-0890-9F3C0B9D582A" value="true"/>
</engineerTo>
<referedAttribute>96D8B638-92F5-7851-5F43-6741CE33F185</referedAttribute>
<useDomainConstraints>false</useDomainConstraints>
<use>1</use>
<logicalDatatype>LOGDT011</logicalDatatype>
<ownDataTypeParameters>,,</ownDataTypeParameters>
</Attribute>
</attributes>
<identifiers itemClass="oracle.dbtools.crest.model.design.logical.CandidateKey">
<identifier id="7AC1EBC0-34D5-89B9-871E-94084D8CA278" name="ORDEN DE ATENCION PK">
<createdBy>lilianatapia</createdBy>
<createdTime>2024-09-01 02:23:21 UTC</createdTime>
<ownerDesignName>Exp2_S4_Grupo_16.docx</ownerDesignName>
<engineerTo>
<item key="5C1BB603-E660-49D8-0890-9F3C0B9D582A" value="true"/>
</engineerTo>
<pk>true</pk>
<usedAttributes>
<attributeRef>7F2EF867-D6B9-1148-9098-53810D3C0D9E</attributeRef>
</usedAttributes>
</identifier>
</identifiers>
</Entity>