<?xml version = '1.0' encoding = 'UTF-8'?>
<relationalModel class="oracle.dbtools.crest.model.design.relational.RelationalDesign" name="Relational_1" id="5C1BB603-E660-49D8-0890-9F3C0B9D582A" mainViewID="FD53D0C0-0FB4-4FD0-C675-B86C751CD6B1">
<createdBy>lilianatapia</createdBy>
<createdTime>2024-09-01 01:47:46 UTC</createdTime>
<ownerDesignName>Exp2_S4_Grupo_16.docx</ownerDesignName>
<shouldBeOpen>false</shouldBeOpen>
<selectedRDBMSSite>32076570-2523-435C-2E92-BF29817DFF70</selectedRDBMSSite>
</relationalModel>